board,tempP1,,,,,
1,-1.438183,,,,,
2,-0.397457,,,,,
3,-1.539055,,,,,
4,-0.444807,,,,,
5,-1.606353,,,,,
6,-2.859282,,,,,
7,-3.20764,,,,,
8,-3.042981,,,,,
9,-1.692145,,,,,
10,-2.698774,,,,,
11,0.097688,,,,,
12,-1.408884,,,,,
13,-0.181101,,,,,
14,-1.352785,,,,,
15,-0.354546,,,,,
16,-1.2468,,,,,
17,-2.724514,,,,,
18,-2.704611,,,,,
19,-2.738112,,,,,
20,-1.511978,,,,,
21,-2.543584,,,,,
board,channel,totMax,totMean,totP1,tempP1,toaMean3
0,0,865,674.789,-0.26347,-0.0812654,55759.4
0,1,880,674.229,-0.228056,0.0301598,55678
0,2,865,665.36,-0.234398,-1.28553,54715.3
0,3,940,720.625,-0.249027,-2.13221,54275.2
0,4,925,727.334,-0.236352,-1.6393,54814.9
1,0,805,687.363,-0.387748,0.517417,43937.5
1,1,835,743.096,-0.362745,-0.108043,43653.5
1,2,820,728.393,-0.323026,1.09823,44820.9
1,3,940,803.937,-0.267329,1.30596,44576.9
1,4,865,764.224,-0.331369,-1.43942,42784.8
1,5,1000,903.362,-0.280237,-0.185588,43735.7
1,6,955,871.398,-0.348572,-1.30251,43575.5
1,7,895,806.387,-0.39616,-0.73532,43030.3
1,8,865,750.513,-0.305513,-0.638131,43389.8
1,9,895,798.699,-0.348028,-0.995293,43066.6
1,10,895,806.669,-0.355175,-0.870813,43498.26
1,11,910,819.384,-0.360345,0.614209,43861.2
1,12,835,708.029,-0.397292,-2.10906,42203.5
1,13,865,759.588,-0.361819,-2.00863,42740.2
1,14,865,769.385,-0.370817,-1.83482,43025.8
1,15,850,744.831,-0.346087,-1.11958,42917.5
1,16,865,723.449,-0.371021,-1.618,43054.9
1,17,895,742.541,-0.340052,-1.58589,42894.8
1,18,895,735.677,-0.409657,-0.973898,43304.3
1,19,895,720.147,-0.393666,-1.41925,42488.8
1,20,925,784.162,-0.420582,-1.70099,42277
1,21,955,799.925,-0.398956,-1.62357,42435.1
1,22,910,740.999,-0.320119,-0.99411,43066.4
1,23,835,675.91,-0.367873,-0.792016,43016.8
1,24,925,757.014,-0.336186,-1.32205,42841.9
1,25,955,807.183,-0.344052,-0.937289,43204
1,26,925,761.304,-0.342707,-0.867267,43132.7
1,27,910,738.743,-0.326957,-0.279636,43334.9
1,28,955,779.547,-0.34434,0.464105,43757.9
1,29,865,695.581,-0.356732,-0.506887,43024.7
1,30,835,703.971,-0.398626,-0.548092,43352.7
1,31,865,698.279,-0.33948,0.922678,43922.5
2,0,805,699.372,-0.380762,0.307131,44189.7
2,1,820,743.958,-0.40222,0.730051,44557.2
2,2,865,763.723,-0.31231,1.00228,44596.4
2,3,850,731.712,-0.310319,1.15924,44848.7
2,4,895,778.625,-0.377057,-1.53294,42914.5
2,5,895,774.192,-0.305802,-0.953478,43528.8
2,6,910,817.051,-0.356692,-1.01933,43451.32
2,7,880,769.909,-0.336765,-1.49931,43029.8
2,8,865,750.457,-0.33724,-0.601215,43980.6
2,9,895,800.055,-0.365721,-1.3319,43175
2,10,895,805.817,-0.361916,-0.896407,43271.13
2,11,895,790.865,-0.359689,-0.25606,43866.8
2,12,865,756.522,-0.49182,-2.28277,42367.6
2,13,865,772.917,-0.414666,-1.71691,43066
2,14,865,750.713,-0.435355,-2.01525,43202.87
2,15,835,724.515,-0.398007,-2.14867,42765.5
2,16,880,793.155,-0.339227,-1.81398,43143
2,17,880,793.151,-0.36082,-1.79527,42944.3
2,18,835,744.993,-0.378467,-1.72901,42914
2,19,790,683.828,-0.394351,-1.66682,42636.5
2,20,925,836.658,-0.343099,-1.89749,42798.6
2,21,925,825.165,-0.293478,-1.79393,42713.6
2,22,880,803.234,-0.310101,-1.25639,42780.7
2,23,820,714.51,-0.359891,-1.04745,43093.5
2,24,910,810.514,-0.335819,-1.78322,42992.1
2,25,850,728.841,-0.283459,-0.741154,43500.7
2,26,895,794.586,-0.317704,-0.262375,43388.9
2,27,805,688.429,-0.340402,-1.14927,43058.5
2,28,850,724.016,-0.304013,0.172194,43926.7
2,29,805,695.477,-0.353164,-0.819155,43238.9
2,30,790,698.938,-0.396721,-0.101933,43785.7
2,31,790,679.151,-0.38263,0.727166,44043.3
3,0,865,770.48,-0.400738,0.147134,43910.1
3,1,850,764.603,-0.386022,-0.115743,43813
3,2,835,743.401,-0.378331,0.648461,44364.8
3,3,850,761.703,-0.379845,1.02347,44574.6
3,4,895,788.927,-0.400348,-1.69675,42773.5
3,5,895,796.171,-0.371903,-1.03456,43324.6
3,6,865,768.775,-0.434126,-1.45978,43221.7
3,7,850,772.078,-0.412069,-1.76189,42804.3
3,8,895,782.259,-0.35614,-0.0779657,43884.2
3,9,850,751.022,-0.371607,-1.41975,42943.3
3,10,865,772.544,-0.403282,-1.12653,43162.7
3,11,835,744.958,-0.393528,-1.24145,42988
3,12,850,738.769,-0.367934,-2.53393,42185.9
3,13,880,772.023,-0.438993,-2.13244,42659.3
3,14,835,737.353,-0.416795,-2.05887,42679.5
3,15,820,732.662,-0.425785,-2.13645,42521
3,16,910,795.133,-0.416385,-1.68186,43073.6
3,17,880,764.909,-0.417681,-1.8152,42901.1
3,18,850,740.734,-0.425591,-1.25288,42808
3,19,820,704.951,-0.427483,-1.70166,42466.1
3,20,895,778.722,-0.404903,-2.11028,42302.4
3,21,880,771.391,-0.394355,-1.85623,42467.8
3,22,835,752.879,-0.438217,-1.09927,42975.3
3,23,850,763.687,-0.4562,-1.06449,42995.3
3,24,895,785.293,-0.379318,-1.11216,43219.2
3,25,880,756.491,-0.379343,-0.154357,43902.9
3,26,880,778.06,-0.421197,-1.46695,42669.7
3,27,820,723.292,-0.418669,-1.2684,42806.1
3,28,895,788.697,-0.37806,0.203234,43742.8
3,29,820,734.035,-0.441497,-0.726518,43130
3,30,820,734.133,-0.439063,-0.74942,43084.1
3,31,835,736.208,-0.408978,0.325488,43854.1
4,0,880,772.413,-0.373354,0.173338,44534.1
4,1,895,794.441,-0.340938,0.810184,44992
4,2,910,799.549,-0.313996,0.87643,45285
4,3,910,775.311,-0.280876,0.697135,45184.7
4,4,940,820.605,-0.332681,-1.62793,43384.9
4,5,955,832.257,-0.270379,-1.21886,43871.9
4,6,895,789.269,-0.352981,-1.36503,44398.2
4,7,895,780.024,-0.355216,-1.55927,43537.3
4,8,910,804.783,-0.340485,-1.00182,44004.6
4,9,925,821.708,-0.326101,-0.53064,44286.9
4,10,880,757.52,-0.341819,-1.1549,43402.4
4,11,880,754.544,-0.330068,-0.99306,43788.2
4,12,835,726.797,-0.365339,-2.16624,42945.8
4,13,865,750.167,-0.386385,-1.69406,43582.9
4,14,910,794.651,-0.341033,-1.34632,44324.7
4,15,865,739.61,-0.32327,-1.86957,43188.8
4,16,895,771.758,-0.370833,-1.39452,43619.4
4,17,865,761.557,-0.329849,-1.41961,43684.1
4,18,880,784.545,-0.332647,-1.26053,43784.42
4,19,820,716.679,-0.292526,-1.59373,43020.8
4,20,865,752.897,-0.360305,-1.64874,43160.4
4,21,895,784.447,-0.35068,-1.78045,43091.4
4,22,865,780.229,-0.373725,-1.26667,43572.4
4,23,880,792.355,-0.362826,-1.07305,43368.4
4,24,910,780.251,-0.324175,-1.64435,43382.8
4,25,910,791.967,-0.284984,-0.790717,43865.2
4,26,895,792.645,-0.348217,-1.20586,44210
4,27,865,773.757,-0.308522,-1.06138,43424.3
4,28,865,747.279,-0.310517,0.266587,44453.8
4,29,850,747.409,-0.396604,-0.79699,43619.6
4,30,805,734.833,-0.417903,-0.4552,43913.55
4,31,820,723.469,-0.355905,0.931652,44621.6
5,0,865,760.044,-0.37276,0.598867,44452.2
5,1,865,777.327,-0.414032,0.328775,44337.5
5,2,865,766.7,-0.377524,1.14863,44919.4
5,3,850,738.081,-0.353241,1.2285,45017.3
5,4,925,801.202,-0.366175,-1.21016,43138.4
5,5,910,792.232,-0.320451,-0.780413,43741.1
5,6,925,807.563,-0.38052,-1.13139,43862.98
5,7,925,815.488,-0.391571,-1.26135,43293.5
5,8,910,807.13,-0.357818,-0.437185,43766.4
5,9,895,783.388,-0.378942,-1.03099,43474.7
5,10,910,786.233,-0.371976,-0.812438,43621.87
5,11,880,754.65,-0.393671,-0.676915,43614.2
5,12,880,762.013,-0.43282,-2.08021,42705.2
5,13,880,773.951,-0.426161,-1.80887,43156.5
5,14,820,678.202,-0.376732,-1.66832,42984.17
5,15,850,746.051,-0.437528,-1.57537,42942.5
5,16,925,845.564,-0.388583,-1.47335,43358.7
5,17,910,829.168,-0.366031,-1.42663,43286.2
5,18,895,807.316,-0.400778,-1.18572,43122.1
5,19,835,751.896,-0.371071,-1.46815,42873.4
5,20,910,828.215,-0.38085,-1.67924,42778.6
5,21,925,825.249,-0.377483,-1.45408,42860.2
5,22,865,769.097,-0.338304,-1.02509,43077.8
5,23,865,777.221,-0.348366,-0.585286,43451.4
5,24,925,818.06,-0.3176,-1.24624,43233.6
5,25,925,822.912,-0.310236,-0.596143,43773.7
5,26,910,810.222,-0.335728,-0.825393,43182
5,27,865,780.61,-0.357501,-1.03766,43212
5,28,850,710.959,-0.330376,0.549089,44184.9
5,29,805,695.465,-0.396358,-0.838363,43329.6
5,30,790,698.999,-0.393294,-0.541487,43362.4
5,31,835,714.985,-0.3685,1.02158,44399.9
6,0,865,744.706,-0.363079,1.1064,45329.1
6,1,850,734.944,-0.357947,0.666546,45195.4
6,2,865,738.966,-0.33541,0.861871,45275.1
6,3,835,707.82,-0.334259,0.776805,45333.4
6,4,910,794.654,-0.332641,-1.72484,43494.8
6,5,940,799.567,-0.297239,-1.0626,44083.7
6,6,955,836.307,-0.343686,-0.903611,44184.7
6,7,910,793.772,-0.32993,-0.75771,44072.9
6,8,910,773.268,-0.33319,-0.756332,44154.4
6,9,880,760.616,-0.345267,-1.42049,43729.6
6,10,865,734.673,-0.356001,-1.24292,43763.3
6,11,925,792.993,-0.360286,-0.825923,43945.8
6,12,910,817.621,-0.38504,-1.62529,43252.8
6,13,910,798.464,-0.308464,-1.25183,43986.1
6,14,895,780.133,-0.294014,-2.02275,43467
6,15,850,757.013,-0.315389,-1.78425,43333.1
6,16,895,775.5,-0.329387,-1.728,43758.5
6,17,895,798.541,-0.314487,-1.72431,43510.9
6,18,880,789.375,-0.3346,-1.2695,43502.3
6,19,910,778.399,-0.323281,-0.710266,43838.3
6,20,880,770.089,-0.376104,-1.98337,43267.6
6,21,940,828.833,-0.295921,-1.46676,43390.3
6,22,880,767.021,-0.319327,-1.39665,43258.4
6,23,895,800.896,-0.350453,-1.16652,43532.5
6,24,925,793.476,-0.307528,-1.11053,43865
6,25,925,789.373,-0.283523,-0.846578,44122.8
6,26,985,862.502,-0.290312,0.0983263,44090.7
6,27,895,782.341,-0.308157,-0.815168,43895
6,28,835,667.591,-0.322551,0.227277,44564.6
6,29,790,677.013,-0.389197,-0.949044,43655.3
6,30,850,752.49,-0.386578,-0.338741,44020.5
6,31,850,714.728,-0.338383,0.357689,44476.3
7,0,805,698.154,-0.387893,0.600144,44542.2
7,1,850,748.978,-0.375112,1.24631,45126.7
7,2,895,797.701,-0.335069,1.05536,44914.8
7,3,880,779.684,-0.339559,1.2457,45144.4
7,4,895,781.727,-0.334138,-1.50422,43172.8
7,5,925,817.424,-0.316653,-0.720003,43778.8
7,6,925,837.756,-0.350555,-0.714276,43978.5
7,7,940,871.775,-0.374084,-0.77478,43788.7
7,8,880,765.214,-0.306304,-0.270796,44115.2
7,9,925,850.343,-0.356541,-0.731067,43928.5
7,10,940,856.623,-0.342477,-0.82523,43640.6
7,11,940,867.363,-0.334804,-0.0246955,44172.4
7,12,880,796.889,-0.409298,-1.90716,42899.4
7,13,925,847.007,-0.376606,-1.20902,43513.1
7,14,925,841.714,-0.358205,-1.85769,43021.3
7,15,880,812.021,-0.378308,-1.99246,42868
7,16,925,813.2,-0.400507,-1.37019,43586
7,17,940,846.426,-0.390413,-1.53723,43271.9
7,18,925,821.188,-0.373679,-0.633739,43529.6
7,19,880,759.93,-0.399435,-0.982575,43227.9
7,20,925,815.911,-0.402699,-1.58587,42751.5
7,21,1000,898.57,-0.394631,-1.31148,43133.2
7,22,970,852.695,-0.262586,-0.8065,43306.9
7,23,895,803.762,-0.366864,-0.637898,43474.4
7,24,985,865.542,-0.326197,-1.04609,43582.5
7,25,970,877.393,-0.304135,-0.516198,43908.8
7,26,955,854.806,-0.292449,-0.889911,43191.4
7,27,955,853.045,-0.290278,-0.898314,43380.5
7,28,940,802.612,-0.335978,0.765106,44341.8
7,29,880,767.597,-0.359836,-0.442882,43572.5
7,30,835,750.052,-0.375914,-0.364582,43684.5
7,31,895,786.612,-0.38342,0.790772,44261.4
8,0,820,684.237,-0.377141,-0.295909,43924.3
8,1,835,722.244,-0.390205,0.564023,44505.8
8,2,865,755.828,-0.335959,0.757793,44521.6
8,3,910,789.743,-0.295039,0.75956,44672.5
8,4,910,787.939,-0.37944,-1.78904,42670.4
8,5,940,816.383,-0.280246,-0.938064,43555
8,6,925,806.921,-0.343367,-1.21796,43490.5
8,7,925,808.939,-0.330133,-1.17321,43124.3
8,8,880,767.959,-0.33542,-0.724202,43567.8
8,9,880,778.257,-0.370771,-0.915921,43341.1
8,10,895,788.142,-0.349528,-1.08377,43343.5
8,11,910,783.889,-0.322556,-0.865109,43395.5
8,12,850,740.652,-0.406653,-2.20654,42421
8,13,910,809.158,-0.39512,-1.73752,43051.3
8,14,880,778.43,-0.335863,-2.09971,42551.8
8,15,850,757.358,-0.314717,-2.08072,42432.1
8,16,880,766.961,-0.389269,-1.95795,43148
8,17,925,804.049,-0.36293,-1.7328,42989.9
8,18,850,741.234,-0.321323,-1.48644,43119.5
8,19,865,748.82,-0.354276,-1.71266,42612
8,20,925,817.455,-0.375428,-1.85591,42792.2
8,21,880,754.26,-0.333164,-2.08219,42632.1
8,22,880,746.637,-0.347378,-1.51602,42831.8
8,23,835,720.359,-0.372432,-0.875845,43207.7
8,24,940,841.543,-0.362849,-1.66943,42970.5
8,25,970,845.508,-0.307371,-0.803934,43525.8
8,26,940,803.275,-0.341722,-1.27602,42865.5
8,27,880,743.943,-0.31359,-1.1581,43342.6
8,28,895,761.565,-0.331609,0.226405,43906.8
8,29,850,731.303,-0.349072,-1.08136,43113.4
8,30,805,706.431,-0.403844,-0.827337,43272.5
8,31,820,703.427,-0.353756,0.840868,44167.1
9,0,895,788.314,-0.34436,-0.436195,44086.2
9,1,895,824.145,-0.381512,-0.624384,43967.4
9,2,955,861.421,-0.345266,0.776267,44723.4
9,3,955,855.977,-0.2947,1.01072,44974.5
9,4,985,860.317,-0.30473,-1.91917,43007
9,5,970,856.666,-0.298656,-1.34093,43491.5
9,6,970,875.912,-0.358935,-1.06584,43823
9,7,940,847.427,-0.359521,-1.4266,43215.3
9,8,925,808.365,-0.327002,-0.834269,43990.1
9,9,940,845.775,-0.344346,-1.31099,43379.8
9,10,940,846.868,-0.337277,-1.41956,43421.6
9,11,925,824.394,-0.352817,-0.810415,43594.6
9,12,865,755.914,-0.370803,-2.09959,42807.2
9,13,850,747.452,-0.400861,-1.91679,43222.9
9,14,880,764.104,-0.372448,-2.16357,42819.8
9,15,880,773.039,-0.406303,-1.91535,42814.6
9,16,925,780.633,-0.480002,-2.02279,43386.4
9,17,955,812.31,-0.370037,-1.81885,43332.4
9,18,940,783.279,-0.398426,-1.34429,43227.9
9,19,910,750.863,-0.373369,-2.00331,42680.4
9,20,940,786.118,-0.412539,-2.02622,42975.1
9,21,970,820.207,-0.389532,-1.96507,42827.3
9,22,1000,835.397,-0.335973,-1.57215,42925.5
9,23,895,752.814,-0.426089,-1.12702,43339.9
9,24,985,814.287,-0.383262,-1.92675,43228
9,25,1000,828.298,-0.323012,-1.30085,43590.3
9,26,1015,838.392,-0.324535,-1.50984,43059.1
9,27,925,765.326,-0.360575,-1.69375,43019.1
9,28,970,800.877,-0.364944,0.0779404,44211.3
9,29,895,731.023,-0.362396,-0.942366,43393.6
9,30,895,748.406,-0.415992,-0.888464,43571.2
9,31,895,732.345,-0.39087,0.45686,44330.7
10,0,865,747.824,-0.351655,0.524706,44395.7
10,1,865,768.546,-0.348027,-0.237307,43814.6
10,2,865,765.273,-0.348185,0.719426,44453.8
10,3,865,746.441,-0.291519,0.7649,44669.7
10,4,940,825.771,-0.346578,-1.41039,42737.3
10,5,985,881.427,-0.309659,-1.00922,43412.1
10,6,940,848.958,-0.317697,-1.52584,43186.3
10,7,910,809.157,-0.344779,-1.46498,42814.5
10,8,880,756.401,-0.334258,-0.706305,43454.3
10,9,910,823.699,-0.354885,-1.3127,42993.2
10,10,910,818.804,-0.331331,-1.15439,43214.4
10,11,925,821.254,-0.352433,-0.0459547,43849.3
10,12,835,708.853,-0.378994,-2.3836,42305.9
10,13,865,741.421,-0.388685,-1.80889,42850.6
10,14,910,808.662,-0.360506,-1.7099,42634.8
10,15,880,779.753,-0.394356,-1.39515,42989.2
10,16,880,767.421,-0.357912,-1.62565,43350.7
10,17,880,769.033,-0.347996,-1.77553,42984.2
10,18,910,806.877,-0.362619,-1.66737,42769.9
10,19,925,798.507,-0.330229,-1.72719,42463.2
10,20,925,828.591,-0.370857,-1.98164,42334.6
10,21,955,875.969,-0.36285,-1.62893,42843.7
10,22,970,843.93,-0.284076,-1.18057,42678.2
10,23,895,805.184,-0.367659,-1.24586,42952.3
10,24,925,802.332,-0.331162,-1.77978,42888.8
10,25,985,882.149,-0.319181,-0.76285,43386.3
10,26,1000,875.424,-0.286845,-1.1285,42783.3
10,27,955,815.187,-0.274292,-0.725425,43377.1
10,28,925,788.234,-0.309105,-0.211415,43755.5
10,29,880,773.562,-0.330515,-0.847069,43076.3
10,30,895,795.468,-0.351807,0.0855473,43802.1
10,31,880,738.449,-0.329687,0.588035,44031.4
11,0,880,780.739,-0.367949,0.276336,44017.8
11,1,880,790.187,-0.359826,-0.0670912,43856.9
11,2,955,850.285,-0.319244,1.20106,44647.3
11,3,910,793.966,-0.356585,0.728134,44623.6
11,4,940,839.071,-0.342849,-1.4036,42905.3
11,5,970,886.586,-0.299949,-0.903088,43334.1
11,6,955,864.924,-0.332647,-0.960159,43474.6
11,7,910,813.56,-0.3234,-1.23091,42975.7
11,8,955,854.552,-0.311125,-0.491579,43606.4
11,9,940,858.39,-0.349267,-0.940404,43293.2
11,10,955,875.563,-0.371534,-1.00525,43148.2
11,11,925,828.453,-0.361364,-0.908634,43331.2
11,12,880,780.685,-0.397973,-2.31869,42376.6
11,13,895,802.532,-0.387104,-1.69942,43109.1
11,14,910,814.449,-0.307679,-2.01325,42761.1
11,15,835,727.489,-0.316028,-1.99497,42602.2
11,16,925,795.752,-0.347142,-1.61558,43276.2
11,17,925,783.587,-0.314633,-1.6816,43014.6
11,18,925,803.001,-0.362356,-1.38144,43066.1
11,19,910,778.07,-0.303497,-1.72473,42519.6
11,20,940,813.999,-0.380539,-1.63737,42768.8
11,21,1000,871.879,-0.365877,-1.89642,42583.8
11,22,925,796.45,-0.299279,-1.43221,42773.4
11,23,910,802.061,-0.341393,-1.21188,43027.4
11,24,970,838.025,-0.308141,-1.49528,43030.2
11,25,940,795.114,-0.271122,-1.06423,43374.3
11,26,1030,901.719,-0.3513,-0.649526,43326.5
11,27,910,769.63,-0.28865,-1.38549,42921.5
11,28,1015,874.93,-0.294525,-0.179257,43735.4
11,29,850,726.798,-0.373187,-1.23913,43064.1
11,30,850,744.415,-0.39098,-0.813843,43291.9
11,31,910,775.667,-0.357147,0.742477,44034.8
12,0,820,745.773,-0.386341,0.566642,44125.3
12,1,805,708.745,-0.368166,0.159341,44030.5
12,2,790,680.819,-0.334232,1.31645,44634.8
12,3,775,656.241,-0.327194,0.61038,44453.8
12,4,865,779.285,-0.329989,-1.40655,42768.6
12,5,895,781.505,-0.27803,-0.679773,43302.6
12,6,880,787.316,-0.339444,-0.778868,43457.4
12,7,865,768.726,-0.347067,-0.770647,43106.8
12,8,850,763.206,-0.333551,-0.292469,43494.6
12,9,850,756.703,-0.350192,-1.08712,43062.6
12,10,820,728.181,-0.368851,-1.01373,43056.6
12,11,820,715.026,-0.380386,-0.71811,43198.6
12,12,880,787.742,-0.362975,-1.42869,42528.7
12,13,850,761.575,-0.389058,-1.59917,42851.4
12,14,850,757.102,-0.382577,-1.73726,42584.7
12,15,790,683.73,-0.409083,-1.71551,42510.4
12,16,805,688.417,-0.350727,-1.42096,42965.3
12,17,820,704.078,-0.346642,-1.49777,42780.3
12,18,805,714.569,-0.365505,-0.655871,43004.1
12,19,760,656.609,-0.379182,-1.02786,42621.7
12,20,850,777.17,-0.364366,-1.94461,42207.9
12,21,865,754.958,-0.300886,-1.49766,42436.4
12,22,790,693.368,-0.342811,-0.958069,42701
12,23,805,710.315,-0.348392,-0.589131,42945.4
12,24,910,840.384,-0.289598,-0.912341,43150.6
12,25,895,829.118,-0.271752,0.251684,43939
12,26,895,819.789,-0.331769,-0.721217,42725.7
12,27,790,680.14,-0.350294,-1.0679,42787
12,28,850,764.492,-0.312504,0.571488,43827.1
12,29,790,716.594,-0.369015,-0.729385,43071.4
12,30,760,718.287,-0.311669,-0.392891,43155
12,31,790,709.078,-0.335127,1.14,44047.8
13,0,790,662.746,-0.362717,-0.448809,43927.3
13,1,820,732.696,-0.370313,-0.114903,43993.1
13,2,805,683.722,-0.343654,1.01175,44773.4
13,3,820,678.794,-0.332356,0.940241,44916.7
13,4,865,748.625,-0.333174,-1.91671,42837
13,5,940,847.028,-0.270701,-0.83984,43584.3
13,6,925,835.229,-0.337817,-1.22069,43419.6
13,7,865,739.16,-0.313137,-1.87964,42848.9
13,8,925,841.856,-0.282403,-0.76903,43795.1
13,9,955,884.365,-0.338244,-1.23957,43504.1
13,10,925,854.098,-0.377621,-1.2937,43315.2
13,11,895,764.175,-0.382847,-0.936556,43432.7
13,12,880,793.999,-0.38516,-2.56391,42364.7
13,13,880,795.836,-0.335868,-2.07389,42924.1
13,14,895,802.477,-0.316255,-1.59564,43122.4
13,15,865,757.482,-0.319838,-1.50497,43047.4
13,16,865,754.781,-0.369674,-1.72795,43416.1
13,17,850,742.766,-0.367513,-1.54184,43341.7
13,18,850,768.105,-0.355738,-1.36278,42880.1
13,19,820,732.399,-0.341405,-1.6148,42657.3
13,20,880,787.799,-0.399886,-1.79848,42796.2
13,21,940,832.871,-0.311606,-1.81587,42706
13,22,880,774.687,-0.278586,-1.48272,42717.6
13,23,850,764.01,-0.308086,-1.24326,43020.1
13,24,910,815.608,-0.35722,-1.87882,42948.3
13,25,925,827.79,-0.281318,-0.967137,43344.2
13,26,895,799.811,-0.325153,-1.51401,42677
13,27,865,769.511,-0.290255,-1.47348,42722.6
13,28,880,781.737,-0.331385,0.0259942,43828.8
13,29,835,743.884,-0.32865,-0.663326,43455.8
13,30,835,766.36,-0.341675,-0.629003,43323.5
13,31,835,727.911,-0.341045,0.615132,44175
14,0,910,786.439,-0.296475,0.844975,43945.1
14,1,805,717.327,-0.36534,0.646344,43898.6
14,2,850,759.054,-0.356931,1.01099,44262.8
14,3,880,776.198,-0.341647,1.10346,44414.3
14,4,865,748.833,-0.314715,-1.359,42556.8
14,5,865,746.86,-0.264935,-1.0402,43037.2
14,6,880,790.035,-0.363541,-0.854064,43263.9
14,7,880,811.926,-0.349788,-0.791935,43075.1
14,8,895,787.706,-0.292027,-0.423796,43439.7
14,9,850,744.927,-0.32361,-1.31305,42841.6
14,10,820,717.632,-0.33556,-1.05495,42921
14,11,850,760.575,-0.321032,-0.737305,42973.8
14,12,820,735.972,-0.348395,-1.44648,42420.4
14,13,865,776.508,-0.400637,-1.40424,42984.3
14,14,805,710.994,-0.37978,-1.65915,42443.1
14,15,775,702.192,-0.358323,-1.65146,42337.5
14,16,865,782.771,-0.402717,-1.91527,42912
14,17,880,785.323,-0.366891,-1.67916,42813.1
14,18,865,785.964,-0.365474,-0.00791693,43540.8
14,19,790,709.081,-0.352249,-1.28787,42654.8
14,20,865,771.523,-0.339812,-2.05027,42184.5
14,21,880,778.467,-0.267649,-1.61739,42433.8
14,22,880,827.883,-0.355975,-1.13869,42555
14,23,865,807.687,-0.37758,-0.916719,42815.4
14,24,865,757.797,-0.315828,-0.994815,43195.4
14,25,910,830.365,-0.293386,-0.404898,43453.8
14,26,865,789.981,-0.308997,-1.22453,42547.3
14,27,925,825.605,-0.296906,0.444919,43880.8
14,28,850,753.331,-0.328266,0.310194,43698.8
14,29,820,768.82,-0.369365,-0.863409,42935.2
14,30,820,768.768,-0.377221,-0.503813,42967.4
14,31,820,751.874,-0.384665,0.73893,43866.6
15,0,775,690.114,-0.39012,-0.325592,44400.8
15,1,775,710.032,-0.32671,-0.00942028,44474.7
15,2,835,770.029,-0.319703,0.399995,45027.3
15,3,820,741.572,-0.305579,1.0572,45360.5
15,4,865,773.773,-0.328883,-1.75267,43317.5
15,5,895,813.03,-0.254189,-1.42087,43724.3
15,6,880,836.219,-0.321965,-1.23639,43995.8
15,7,850,804.334,-0.325611,-1.52374,43465.3
15,8,865,780.277,-0.284866,-0.598678,44272.3
15,9,880,814.596,-0.301201,-1.31835,43634.5
15,10,865,805.877,-0.342988,-1.28705,43736.4
15,11,850,775.27,-0.303606,-1.06062,43611.7
15,12,820,743.341,-0.383666,-2.35747,42838.4
15,13,880,824.439,-0.368845,-1.82635,43461
15,14,805,733.314,-0.345424,-2.26111,43048.8
15,15,745,656.476,-0.387495,-2.19855,42973.5
15,16,820,709.866,-0.395784,-1.80758,43708.5
15,17,880,800.45,-0.367927,-1.81358,43448.8
15,18,865,795.405,-0.354449,-1.40206,43548.4
15,19,850,767.877,-0.341146,-1.07988,43596.3
15,20,865,762.42,-0.318192,-1.81624,43338
15,21,925,837.669,-0.276757,-1.84013,43074.3
15,22,895,832.452,-0.314192,-1.55342,43187.2
15,23,865,826.725,-0.285244,-1.14781,43490.9
15,24,850,740.209,-0.31391,-1.914,43480.3
15,25,895,803.474,-0.279131,-0.891296,43985.3
15,26,925,866.662,-0.360448,-1.43182,43215.6
15,27,850,808.002,-0.313292,-1.62666,43366.5
15,28,805,686.213,-0.325321,0.318392,44527.6
15,29,760,693.988,-0.37107,-0.97467,43580.7
15,30,775,719.766,-0.373239,-1.16631,43737.1
15,31,775,719.122,-0.348167,0.490702,44660
16,0,880,830.437,-0.363639,0.326214,44509.8
16,1,880,826.032,-0.342385,0.0225408,44378.3
16,2,895,848.224,-0.346516,0.511862,44824.6
16,3,925,871.011,-0.34069,1.01899,45201.1
16,4,895,820.832,-0.338223,-1.41127,43264.8
16,5,925,852.518,-0.284167,-1.01432,43853.3
16,6,925,846.957,-0.312388,-1.67189,43753
16,7,895,830.806,-0.351507,-0.721818,43845.1
16,8,925,856.862,-0.343445,-0.663504,43851.7
16,9,925,861.892,-0.3596,-1.29479,43649.5
16,10,895,825.682,-0.358669,-0.906457,43733
16,11,880,812.875,-0.387044,-0.873387,43797.4
16,12,895,829.36,-0.397381,-2.27125,42717.5
16,13,895,836.184,-0.354101,-1.78821,43434.5
16,14,850,787.424,-0.356276,-1.81003,43273.2
16,15,835,761.924,-0.359597,-1.83649,43172.6
16,16,865,792.861,-0.348047,-1.78509,43493.7
16,17,880,795.022,-0.297283,-1.61031,43330.7
16,18,850,780.613,-0.379979,-1.12512,43348.3
16,19,850,753.088,-0.320696,-1.56397,42933.9
16,20,880,811.303,-0.364362,-1.48076,43269.5
16,21,970,895.152,-0.305593,-1.37125,43153.8
16,22,925,850.559,-0.316683,-1.01105,43411.8
16,23,880,823.744,-0.344041,-0.599792,43716.6
16,24,910,838.146,-0.317387,-0.975371,43681.4
16,25,925,835.269,-0.275651,-0.81076,43750.1
16,26,940,887.962,-0.325574,-1.22754,43061.7
16,27,850,794.98,-0.317121,-1.19531,43275.4
16,28,865,768.045,-0.313595,0.463837,44492.9
16,29,835,779.604,-0.385029,-0.743684,43645.9
16,30,805,767.356,-0.373801,-0.40867,43827.7
16,31,835,755.465,-0.369099,0.970642,44592
17,0,775,666.931,-0.385765,0.310693,44725.6
17,1,790,711.92,-0.393967,0.148418,44842.4
17,2,805,731.61,-0.324438,0.789612,45150.6
17,3,790,712.944,-0.331608,0.966986,45349.2
17,4,835,712.202,-0.250631,-1.77208,43367.3
17,5,895,806.636,-0.288972,-1.2462,43823.7
17,6,925,862.19,-0.357061,-1.18961,44105.3
17,7,850,800.908,-0.347024,-1.87255,43312.3
17,8,820,696.457,-0.335436,-0.594715,44407.2
17,9,850,782.133,-0.34181,-1.50505,43685.3
17,10,865,801.047,-0.331855,-1.27792,43752.8
17,11,865,792.308,-0.338057,-1.14115,43726.7
17,12,775,671.842,-0.334666,-2.14887,43073.5
17,13,865,787.766,-0.406033,-1.86066,43564.9
17,14,835,778.166,-0.393843,-2.04607,43249.6
17,15,790,745.355,-0.411256,-2.01589,43193.2
17,16,880,825.726,-0.34849,-1.8341,43707.2
17,17,880,825.034,-0.337979,-1.60575,43596.3
17,18,865,810.915,-0.372237,-1.61883,43388.7
17,19,835,760.575,-0.327872,-1.96814,43087.4
17,20,910,851.543,-0.337253,-2.20383,42907.5
17,21,940,890.495,-0.314668,-1.99981,43109.1
17,22,865,817.149,-0.347653,-1.28023,43396.8
17,23,865,820.104,-0.352819,-1.16192,43654.6
17,24,970,885.076,-0.314674,-1.89086,43558.9
17,25,910,872.788,-0.274449,-1.14627,43892
17,26,925,872.909,-0.275984,-1.40201,43267.4
17,27,880,823.541,-0.313486,-1.47624,43399.8
17,28,880,803.738,-0.331115,0.148468,44381.2
17,29,820,775.979,-0.355882,-0.929629,43686.7
17,30,790,744.66,-0.376088,-0.894881,43790.3
17,31,775,685.372,-0.389924,0.530271,44619.2
18,0,865,776.492,-0.37333,0.91498,45369.9
18,1,850,796.526,-0.36958,0.242439,44935.3
18,2,895,827.336,-0.327335,1.28436,45493.7
18,3,880,789.594,-0.316261,1.2942,45719.7
18,4,940,858.486,-0.342322,-1.15119,43903.9
18,5,955,861.965,-0.30984,-0.81161,44362
18,6,955,865.741,-0.347295,-1.16724,44308.5
18,7,910,822.239,-0.336783,-1.57238,43744.9
18,8,925,839.691,-0.320722,-0.308039,44792.1
18,9,910,835.323,-0.366822,-0.884043,44275.4
18,10,925,857.485,-0.364201,-0.783189,44257.8
18,11,895,789.553,-0.358532,-0.65811,44242.5
18,12,880,800.22,-0.401875,-2.0001,43354.2
18,13,895,813.653,-0.408174,-1.40654,43999.4
18,14,910,845.933,-0.380601,-1.62083,43746.5
18,15,850,789.575,-0.373538,-1.49937,43630.8
18,16,865,786.424,-0.349368,-1.01167,44075.8
18,17,895,812.821,-0.348522,-1.15744,43834.8
18,18,865,806.821,-0.34747,-0.710289,43839.8
18,19,850,786.024,-0.349436,-1.38478,43430.1
18,20,880,803.688,-0.356031,-1.35476,43318.3
18,21,925,840.883,-0.305274,-1.42109,43468.2
18,22,850,784.246,-0.341692,-0.821295,43693.7
18,23,805,739.638,-0.335903,-0.757498,44021.5
18,24,925,852.285,-0.335658,-0.792273,43879.1
18,25,910,846.306,-0.291151,-0.472255,44255.1
18,26,910,846.001,-0.301319,-1.04752,43683.7
18,27,865,826.704,-0.327904,-0.856518,43876.7
18,28,850,750.984,-0.337542,0.87718,44865.5
18,29,790,728.857,-0.371119,-0.450248,43958.2
18,30,820,765.198,-0.380156,-0.438833,44153
18,31,805,727.686,-0.383242,0.879129,45012.5
19,0,865,784.029,-0.353165,0.624754,44353.9
19,1,865,808.648,-0.349509,0.341446,44105.7
19,2,895,819.176,-0.323534,0.60665,44503.5
19,3,880,788.165,-0.324126,1.02764,44800.8
19,4,910,811.717,-0.318332,-1.58782,42870.4
19,5,940,852.618,-0.280635,-1.27616,43254.3
19,6,910,821.928,-0.330539,-0.844094,43668.1
19,7,880,793.027,-0.343828,-1.52342,42973
19,8,880,785.27,-0.315916,0.0946132,44078.1
19,9,880,792.783,-0.329269,-0.820181,43594
19,10,865,786.418,-0.32726,-0.80409,43380.4
19,11,880,790.166,-0.353518,-0.598657,43407.1
19,12,865,772.547,-0.369703,-2.05297,42506.8
19,13,880,795.132,-0.359264,-1.65698,43084.8
19,14,880,781.922,-0.325293,-1.84103,42653.1
19,15,850,754.537,-0.3187,-1.7863,42637.8
19,16,910,803.552,-0.385638,-1.60016,43340.3
19,17,895,802.311,-0.351089,-1.68523,43086.8
19,18,940,851.7,-0.336428,-1.1854,43137.3
19,19,880,792.027,-0.304825,-1.54026,42591.8
19,20,880,782.376,-0.35024,-2.04247,42509.4
19,21,910,813.171,-0.347484,-1.61319,42686.3
19,22,910,817.007,-0.310757,-1.32879,42881.5
19,23,895,823.575,-0.345279,-1.05815,43090.1
19,24,940,833.896,-0.326368,-1.22276,43195.5
19,25,925,829.057,-0.291548,-0.981237,43472.7
19,26,925,839.922,-0.355264,-1.23872,42816.3
19,27,940,854.286,-0.304758,-1.19582,42887.3
19,28,940,838.224,-0.323682,-0.600811,43489.5
19,29,865,777.859,-0.351571,-1.52125,42683.1
19,30,850,789.041,-0.340244,-1.39345,42721.8
19,31,895,809.878,-0.320909,-0.326416,43437.6
20,0,835,733.59,-0.395944,0.063549,44174.6
20,1,850,758.04,-0.327987,0.340319,44625.4
20,2,805,697.527,-0.311222,0.863066,44765.3
20,3,820,695.225,-0.307819,0.997262,45068.2
20,4,910,802.059,-0.29596,-1.37791,43200.9
20,5,895,789.947,-0.29406,-1.05224,43565.3
20,6,895,805.147,-0.363219,-1.15451,43510.4
20,7,865,769.045,-0.346958,-1.74299,42995.9
20,8,865,749.3,-0.300069,-0.60919,43880.5
20,9,865,750.187,-0.305331,-1.39079,43327.6
20,10,865,765.024,-0.336396,-1.16235,43369.7
20,11,895,801.962,-0.332217,0.0923954,44192.5
20,12,835,730.726,-0.338142,-2.06508,42675.9
20,13,865,769.918,-0.389084,-1.03705,43679.6
20,14,820,728.43,-0.404137,-1.893,42963.5
20,15,805,697.817,-0.392588,-1.98068,42858.3
20,16,880,790.785,-0.387396,-1.75583,43225.2
20,17,880,777.86,-0.33667,-1.38942,43315.8
20,18,835,733.848,-0.349163,-1.10882,43218.6
20,19,820,710.374,-0.354926,-1.57877,42718.7
20,20,880,771.879,-0.321068,-1.92996,42660.9
20,21,910,805.099,-0.324077,-1.54466,43068.1
20,22,895,779.921,-0.338232,-1.33958,42932.6
20,23,865,773.165,-0.337248,-1.00683,43221.9
20,24,895,788.581,-0.338097,-1.35304,43246.3
20,25,925,792.174,-0.276206,-1.09607,43427.6
20,26,895,795.716,-0.334087,-0.435363,43490.7
20,27,850,744.738,-0.335211,-1.35025,42958.7
20,28,820,716.416,-0.313893,0.306561,44188.6
20,29,805,703.412,-0.402217,-0.774169,43220.1
20,30,805,712.058,-0.368622,-0.503335,43608
20,31,775,660.222,-0.365001,0.628181,44203.2
21,0,865,761.815,-0.378192,0.241461,44236.7
21,1,850,755.412,-0.379498,-0.49939,44066.3
21,2,880,770.435,-0.3547,0.48322,44530.3
21,3,910,806.106,-0.319405,0.957304,44814.1
21,4,895,777.872,-0.340047,-1.91309,42737.5
21,5,955,851.382,-0.300331,-1.53136,43262.7
21,6,955,858.962,-0.335894,-0.978022,43716
21,7,910,792.796,-0.354266,-0.710077,43569.8
21,8,880,754.243,-0.33269,-0.982156,43600.1
21,9,880,767.71,-0.333212,-1.32827,43247.9
21,10,895,771.829,-0.319435,-1.23751,43457.2
21,11,865,747.96,-0.333056,-1.10868,43283.3
21,12,850,727.054,-0.362437,-1.93062,42642.8
21,13,865,746.517,-0.36904,-1.69454,43376.4
21,14,880,775.177,-0.360332,-2.44377,42587.7
21,15,895,780.821,-0.348321,-2.42492,42556.2
21,16,850,748.641,-0.37891,-2.8148,43135.3
21,17,910,823.973,-0.342739,-2.78056,42937.4
21,18,865,775.487,-0.366417,-1.74986,43262.3
21,19,835,721.474,-0.339588,-2.19665,42831.8
21,20,880,760.493,-0.345363,-2.65686,42773.3
21,21,925,813.552,-0.320976,-2.78567,42618.9
21,22,910,811.03,-0.353204,-1.92798,42749.4
21,23,865,763.421,-0.386069,-2.04573,42972.1
21,24,895,755.398,-0.321175,-2.0111,43373
21,25,940,829.88,-0.29522,-1.37105,43869.2
21,26,895,798.695,-0.305829,-1.80601,42910.3
21,27,880,784.82,-0.328747,-1.5427,43489.3
21,28,865,733.391,-0.316429,-0.706372,43936.4
21,29,805,697.7,-0.404649,-1.17385,43702.1
21,30,805,714.244,-0.442943,-1.47488,43412.3
21,31,820,705.31,-0.34291,-0.49926,44128.4
